mean_x,std_x,mean_y,std_y,mean_z,std_z,Activity
-3.0452963710458496,1.574025488368674,-6.944533369032,2.3006465699739165,-2.8719568374231748,4.76276859712712,hand_wash
-3.1646880965395,2.023364281920488,-7.05532488079275,2.352088727141314,-2.6152296015209,4.535068092004852,hand_wash
-2.8649394268428,1.8020949486873832,-7.1508891497819995,2.714546298867459,-1.5886984816680751,5.078559775226408,hand_wash
-2.12633576197505,1.313437456969684,-7.77790975659,1.3031847134416286,-3.8612992893660003,2.5504847963440977,hand_wash
-2.86509330762475,2.168900761849411,-5.87334472031,2.1680432800631286,-4.33866021347605,4.6661757391720995,hand_wash
-3.2418077254692,2.5273940536079245,-6.0320527874645,2.911638294601188,-4.604913932850999,4.03930699978062,hand_wash
-4.559821102862324,2.26805689508198,-6.490093387733075,3.6751477958043317,-1.11842112750975,6.1460347268938404,hand_wash
-2.3904525287921503,1.8793173384639392,-7.51927129040465,2.8888836070932773,-1.88316014743335,4.465020461448338,hand_wash
0.015568522878499835,3.585888427121625,-3.7593983920682,1.57076373643407,8.2074140068311,1.730244556404531,not_hand_wash
-1.5573168436965,2.41381927818276,-4.0119729571825005,0.8480092634930786,8.6666913323,0.6676303423288329,not_hand_wash
-2.30438510608875,0.8488631425603306,-4.1045138174175,0.578420609859474,8.809008777025,0.4601875341407925,not_hand_wash
-1.3616368607031248,1.514103436506103,-3.4499418070149996,1.5050028700069784,9.07730545105,0.6833759313262219,not_hand_wash
-0.5675408923106249,1.6756517461059126,-3.2455116227899996,1.4641854994112609,9.205136322425,0.6864281118137785,not_hand_wash
0.223753801476875,1.4335026630745027,-3.0375906960399996,1.3884931772284426,9.3357202658,0.6633353306568169,not_hand_wash
0.940184675613125,0.3698708889541335,-2.7652988311649995,1.1355538263811644,9.507276411075,0.44832057296153255,not_hand_wash
0.9427641116325,0.04911581340985378,-3.232214175375,0.05013538363345753,9.415682178499999,0.05059910967898189,not_hand_wash
0.9438481577600001,0.04746208589769118,-3.2319127014999998,0.054468339122705337,9.415549554625002,0.04930621581952122,not_hand_wash
0.94972493741,0.047823296933714184,-3.24186550445,0.05948101950458112,9.409736245250002,0.050453760689202876,not_hand_wash
0.954515275975,0.04820307929631214,-3.2541145323250005,0.06292645178959896,9.40324394025,0.050929629150655575,not_hand_wash
0.9571965004525,0.048291911640345686,-3.2759828582250003,0.06124721650755826,9.393589613625002,0.05061457053137863,not_hand_wash
0.9581850448724999,0.04598654514540649,-3.2924872386,0.051225374803707334,9.385139987250001,0.04878956712966117,not_hand_wash
1.64102876519,1.9255647484904737,-3.096172278852875,0.7950805591464957,8.910311501888,1.8557318875636148,not_hand_wash
1.8213623596525002,1.8867552581399762,-2.771141184327875,0.9104729124223232,8.990087810513,1.881332078501332,not_hand_wash
1.9870414272450003,1.8320864844298137,-2.4539214445028747,0.8907168851045997,9.070659270888001,1.9031977771184185,not_hand_wash
2.15126462253,1.7603686343288176,-2.1392568904528746,0.7467244475639934,9.152465057763,1.921633061063446,not_hand_wash
1.6303317064000002,0.05957603657515049,-2.026679595175,0.05894538040159881,9.706341169125,0.04995626461441257,not_hand_wash
1.6121912296250003,0.04583124113452171,-2.044268617975,0.04860487399850724,9.70516341825,0.04877429210854773,not_hand_wash
1.6065446723,0.04576620761250879,-2.0495592173249997,0.04760805834009168,9.704368271125,0.048398953402742126,not_hand_wash
1.6017324796749999,0.04582972163872533,-2.054146279975,0.046938281901606836,9.70415122375,0.04808090714897584,not_hand_wash
1.598024689775,0.04604476812951275,-2.0568963604999997,0.047272007997996336,9.703415651875,0.04799866384536652,not_hand_wash
1.5931451367,0.046581061619406366,-2.0624264620249995,0.04830089618291058,9.70315489425,0.047887749236904954,not_hand_wash
2.5068986736,2.2302275064175263,-1.942206360415,1.0776202267401394,8.935179306754998,1.9949378787616152,not_hand_wash
2.81936699315,2.4569979809533224,-2.9247930607001242,2.495196081633903,7.9651520848125,2.4370669931464537,not_hand_wash
2.6470543200625,2.5599142696147306,-4.540054711325125,3.358680036923217,6.5349826371125,2.6819752969309816,not_hand_wash
1.3360652358775,4.062386609385015,-4.951755871634375,3.4771407477629768,5.9101768277125,2.3368307468100427,not_hand_wash
0.6552743484956,2.257385015798731,-6.544353145858374,3.2124639543446953,1.5545943077593747,5.720335388333442,not_hand_wash
2.15257349738385,1.8439257316749107,-7.0450771878766245,2.704325803392684,0.6041559544159998,4.977232272118902,not_hand_wash
1.6025363068312248,2.579532216839601,-6.972704789951625,2.7102466011697723,-0.34669673652175015,4.971637732027365,not_hand_wash
1.105697590097425,3.1172615133108974,-7.7488851118875,1.8111431758714067,-0.2296970378317501,4.107743855031112,not_hand_wash
0.8426454100403249,3.380175886780731,-7.3977318416790006,2.149057878414665,1.8440354154748997,4.547941895636271,not_hand_wash
0.15565471587499996,2.9651073213494783,-7.147100826779,2.353190845655498,1.0147811615974247,5.556163485251786,not_hand_wash
0.48286468032185,3.075265919363287,-6.85719838486025,2.4735579565769426,0.5195596809294746,5.751015058593805,not_hand_wash
0.8280321988406499,3.0886612457307225,-6.344381601639176,3.0093739554812933,0.6825275848719745,5.971795543721909,not_hand_wash
0.528220061312925,2.9907399287694814,-6.088667762857675,2.9037173178011098,0.9260822060688745,6.242159052985797,not_hand_wash
-0.10686577170967501,2.937191041771774,-6.418390395985176,3.0133149199543423,2.4443368756507997,5.494204788075564,not_hand_wash
-0.9052823562475001,2.5941201793224162,-6.615677127516425,3.0524407931010713,4.08019478952875,4.570216487430187,not_hand_wash
-1.4141614359742003,2.6231201173291896,-6.3630336936585,3.6161238397355033,3.6131156849482493,4.9061494564442025,not_hand_wash
-2.002750956495875,2.980167950621605,-6.2893607976485,3.6279316565234145,1.0833379865678998,5.664429164967867,not_hand_wash
-4.0739219309514505,4.394586222449143,-4.89963126052625,3.836987875696444,0.5512616456968249,5.582131740912124,not_hand_wash
-3.148953113495025,5.2605435644526,-4.172677569071425,4.470014119663917,1.0164322192687498,5.613308352271055,not_hand_wash
-2.651612637871325,5.596079847860962,-4.4327883670344255,3.978470782035458,-0.38350070586025004,5.659641095491909,not_hand_wash
-2.6558371548778252,5.7363596033524304,-4.4264143225469255,4.126223808731753,0.9147678323560999,5.433944699115533,not_hand_wash
-0.398611483188425,4.315760327499645,-5.328985815591601,4.047892790591704,2.419171809428225,5.7602815544223,not_hand_wash
-1.1887050759361,4.179592149147908,-5.391737124961275,3.4330886186740153,2.6186475939588,5.954467008038006,not_hand_wash
-1.7154354334827748,4.326875523378621,-5.213684789163525,3.2505364501706606,4.364356673974375,4.937904146080717,not_hand_wash
-0.41339114765977486,4.027274457603753,-4.674848502251025,3.0751220029681146,6.363443547381625,3.842640386514845,not_hand_wash
0.2516225504943251,3.8275995620139414,-3.8938284409761,2.5615989568509265,7.192041567021575,3.622025301521488,not_hand_wash
1.132023346956575,3.2079056825313024,-3.59085128614875,1.492041794088528,8.096694325726075,2.762344164404122,not_hand_wash
1.767707034027625,1.2023433357085223,-2.91810826023,0.7148385886943872,9.284186323575002,0.4174999668851912,not_hand_wash
0.927729676291625,1.5912829823667534,-2.7527100086325,0.9842252169757197,9.418825341775,0.5176324122597002,not_hand_wash
0.253043094007125,1.4399209908429922,-2.7682818275825,1.0216091247580794,9.502597437299999,0.527752600300546,not_hand_wash
-0.381023058299375,0.8735146781571334,-2.8102964578825,1.0459458724845256,9.575206951424999,0.48591891289931155,not_hand_wash
-0.575268722477,0.4661701592352309,-3.022553566405,0.8760268524732514,9.539167293725,0.3870282484709236,not_hand_wash
-0.639208559056,0.5457823521624476,-2.7742789562284,1.132849505969537,9.59328096715,0.3432234022997349,not_hand_wash
-1.8776165730105,2.936790620749849,-2.415884940365625,1.734120075162794,8.704263794371752,2.808088591749686,not_hand_wash
-3.1460051476980997,5.003261612117388,-2.333686074796875,2.2167603750663676,6.9354314033751,4.041846370022237,not_hand_wash
-5.7299249591231,5.87949169983572,-2.224069025314625,2.3329252116179027,4.9739187929840245,4.313140070536163,not_hand_wash
-8.047255444483099,5.619724955020732,-2.45824146011765,2.334358619343928,2.907623473087425,3.457885195506037,not_hand_wash
-0.6795751158614001,4.52838160143605,-3.8845121174235997,4.594160200901035,4.895211859302025,4.180203983202181,not_hand_wash
-0.153303101772775,3.706283750045604,-2.241259577914,5.847499897418217,5.8012190107062,3.616844291487798,not_hand_wash
-0.11221564490094989,3.119104884124598,0.5214481418277501,5.508224407248334,7.59407374885,2.311208376763917,not_hand_wash
-1.4058680814389501,2.8525527364389647,2.7258878880002495,4.172227837392259,8.04898016485,2.7126862153695774,not_hand_wash
-1.77258508968765,3.0564248470134885,2.7735514702245,4.173022806910831,7.512567635687825,3.6002499489746893,not_hand_wash
-0.04678969907372516,4.0325926416507905,-0.10474318433525014,5.6268577129530595,5.932214594829275,4.28189626685274,not_hand_wash
1.85090462769545,3.8078478534312987,-3.0285237492249997,5.620333855306564,4.4076059370767,4.204012470620982,not_hand_wash
3.0394324734084504,2.7710982805198223,-5.7398331526475,4.468217478368014,3.3134676066642004,3.212167413092354,not_hand_wash
4.046393885425,0.8565848238183211,-7.983168317600001,0.4971591206932853,2.0576792356901996,1.2575940866290038,not_hand_wash
3.6620656975,0.7090399523013796,-8.17683469135,0.4276756797013881,2.19408457804875,1.1316219618346173,not_hand_wash
3.2906532522,0.4632738940050554,-8.384484383125,0.30956542685145655,2.09877148248135,1.0459766841777272,not_hand_wash
3.3022888551,0.3746909156011697,-8.446630354625002,0.2527316325583275,1.8862230788863499,0.8105119245719228,not_hand_wash
3.0953786282,0.3082518388024972,-8.483062793275002,0.2591704970056126,2.223359797572525,0.6018960350399298,not_hand_wash
2.9598055548000004,0.32852910171005595,-7.78657404333675,2.230990724704854,3.056805340747525,2.1612749785814316,not_hand_wash
2.7455515983475003,0.46681757364239307,-6.5926918341023,2.8812791659394787,4.739329905692499,3.048311385039874,not_hand_wash
2.356058852400175,0.7471165907493904,-5.329330402415801,2.938007615130318,6.4635882954,3.0909844844913823,not_hand_wash
0.642149047303775,3.6768975321107606,-4.8065901426208,2.844401457976675,6.1863198785102504,3.6283991754141285,not_hand_wash
-2.2568927628962245,5.1451980967585795,-3.83478043138055,3.112316781741933,5.1394807887507,4.041360151678931,not_hand_wash
-4.458567158227474,5.007333349858851,-3.954208078335,3.270755658160342,2.7325586179798753,4.468073277873756,not_hand_wash
-5.053370558258226,4.624274023090399,-4.050369910611,3.2474733160603244,2.5000315568948754,4.3511596332354525,not_hand_wash
-4.1223019271130745,4.475741932232076,-3.494540961831,2.6204491689124354,4.408495987909624,4.939908950322832,not_hand_wash
-2.0010175633230753,3.6457755047144427,-4.123741933059501,1.4863784398075777,6.303175583069176,4.803551351322148,not_hand_wash
-0.423154445530325,1.5575254365036588,-4.1302713540145,0.6319539578624285,8.806263781515,1.4230889496919978,not_hand_wash
-0.24497337535225,0.04230619543848068,-4.2327653166,0.057116289200773454,9.00629072525,0.05342436053751612,not_hand_wash
